ID1,INDEX1,ID2,INDEX2
MY_INDEX_i5_ 2,CGTAGAACAG,MY_INDEX_i7_ 2,ATAAGCGGAG
MY_INDEX_i5_ 8,AGCATCGTGC,MY_INDEX_i7_ 8,AGGTAACAAC
MY_INDEX_i5_ 11,GACCTGTTAA,MY_INDEX_i7_ 11,TCTCACCAGG
MY_INDEX_i5_ 14,CCTACGGACA,MY_INDEX_i7_ 14,TCCAACTGAA
MY_INDEX_i5_ 15,AGGCATAATG,MY_INDEX_i7_ 15,GAACCGCATT
MY_INDEX_i5_ 19,ACATTACTCG,MY_INDEX_i7_ 19,TCGCGACACT
MY_INDEX_i5_ 20,CATACCGCTG,MY_INDEX_i7_ 20,TGGAGATCGA
MY_INDEX_i5_ 21,TGCAAGTAGC,MY_INDEX_i7_ 21,CCAGACCGAT
MY_INDEX_i5_ 23,CGGATGCTGA,MY_INDEX_i7_ 23,ACCGAATAGA
MY_INDEX_i5_ 25,ATCCGATCTT,MY_INDEX_i7_ 25,TTACTTCGTG
MY_INDEX_i5_ 28,ACGATGCAAC,MY_INDEX_i7_ 28,TATCCGCGTC
MY_INDEX_i5_ 30,ACACGAACAA,MY_INDEX_i7_ 30,GCCAGCTATC
MY_INDEX_i5_ 31,CTCAGTCCGT,MY_INDEX_i7_ 31,CTTACGAACT
MY_INDEX_i5_ 32,TATGACGGTG,MY_INDEX_i7_ 32,CAAGACTCAA
MY_INDEX_i5_ 33,ACACAACTAC,MY_INDEX_i7_ 33,TCGACGGCAA
MY_INDEX_i5_ 36,CGCTTACAAT,MY_INDEX_i7_ 36,GACCTACTAT
MY_INDEX_i5_ 37,AGAGAGACCG,MY_INDEX_i7_ 37,ACGAGACGTC
MY_INDEX_i5_ 39,GCAACACGGA,MY_INDEX_i7_ 39,ACTCCGAAGC
MY_INDEX_i5_ 40,TCACTTCGCA,MY_INDEX_i7_ 40,AATCTGCAGT
MY_INDEX_i5_ 42,GAACACTATC,MY_INDEX_i7_ 42,CGCCAAGGTA
MY_INDEX_i5_ 44,TGCGTGAGCA,MY_INDEX_i7_ 44,CGAGCGTAGT
MY_INDEX_i5_ 46,CAGACGATGA,MY_INDEX_i7_ 46,AGCAATTCAC
MY_INDEX_i5_ 48,CGCTTGGTTC,MY_INDEX_i7_ 48,GACTCATCCA
MY_INDEX_i5_ 50,AGATGCGACG,MY_INDEX_i7_ 50,CCTAAGCTGA
MY_INDEX_i5_ 52,AACGCCATTC,MY_INDEX_i7_ 52,GAGATGAGAG
MY_INDEX_i5_ 54,ACAATTGGTC,MY_INDEX_i7_ 54,ACTTCCGGCA
MY_INDEX_i5_ 55,GTCACAGACA,MY_INDEX_i7_ 55,AAGCGCTTAG
MY_INDEX_i5_ 56,GCCAATGTTC,MY_INDEX_i7_ 56,AACAACACAG
MY_INDEX_i5_ 57,TAGTGTTACG,MY_INDEX_i7_ 57,AGACTAGATG
MY_INDEX_i5_ 58,TTGGAAGTAC,MY_INDEX_i7_ 58,CCTCTATAGA
MY_INDEX_i5_ 59,AAGACGCTAA,MY_INDEX_i7_ 59,TACGCTACTT
MY_INDEX_i5_ 60,AGACGGTCAA,MY_INDEX_i7_ 60,CGCACTGGTA
MY_INDEX_i5_ 61,GAGAAGCCGT,MY_INDEX_i7_ 61,AACTCTCTAC
MY_INDEX_i5_ 63,TGCTGAACGC,MY_INDEX_i7_ 63,CTCCGCCATA
MY_INDEX_i5_ 64,CTTCCTAGGC,MY_INDEX_i7_ 64,TGACACGATT
MY_INDEX_i5_ 66,CTTGGTTCGT,MY_INDEX_i7_ 66,GCAATCTGCT
MY_INDEX_i5_ 67,GACTTGCGTG,MY_INDEX_i7_ 67,CTCTATTGAG
MY_INDEX_i5_ 71,ATAACAAGCG,MY_INDEX_i7_ 71,ATGACAGCAC
MY_INDEX_i5_ 75,TTAGACCACA,MY_INDEX_i7_ 75,AACGAAGATC
MY_INDEX_i5_ 76,CGTAGACGTG,MY_INDEX_i7_ 76,CCTCCTGTGA
MY_INDEX_i5_ 77,TCACTGGACT,MY_INDEX_i7_ 77,TAGGCGAATG
MY_INDEX_i5_ 80,CTCTCGATAA,MY_INDEX_i7_ 80,AGAACTAACG
MY_INDEX_i5_ 82,TATGCAACTC,MY_INDEX_i7_ 82,CCGATAGTAG
MY_INDEX_i5_ 83,ATGCTAGTGT,MY_INDEX_i7_ 83,GTGTCTACAG
MY_INDEX_i5_ 85,AACGTGAACG,MY_INDEX_i7_ 85,GCCAACAGAC
MY_INDEX_i5_ 86,TAACGCAGTC,MY_INDEX_i7_ 86,CCTCGTTGGA
MY_INDEX_i5_ 87,CCATAAGCCA,MY_INDEX_i7_ 87,AATAGGTAGG
MY_INDEX_i5_ 88,GTGCCTCTGA,MY_INDEX_i7_ 88,TATGCGTAGC
MY_INDEX_i5_ 89,TAGCCTAGCG,MY_INDEX_i7_ 89,CCAGTCGTCA
MY_INDEX_i5_ 93,CGGTAGAGTT,MY_INDEX_i7_ 93,CGGAACACAA
MY_INDEX_i5_ 96,CGGAACCAGT,MY_INDEX_i7_ 96,ATGCTTACTG
MY_INDEX_i5_ 97,GCTATAGCTT,MY_INDEX_i7_ 97,GCGCGGTTAA
MY_INDEX_i5_ 98,TGCTGTCTTA,MY_INDEX_i7_ 98,TTCCTTGAGG
MY_INDEX_i5_ 101,ACACTGGTCG,MY_INDEX_i7_ 101,TAGAAGATCG
MY_INDEX_i5_ 105,GACACACCAA,MY_INDEX_i7_ 105,CTCACCAGTT
MY_INDEX_i5_ 107,GCGACCTTGA,MY_INDEX_i7_ 107,AATAGACTGC
MY_INDEX_i5_ 109,CCTGGATTGG,MY_INDEX_i7_ 109,TAGGAAGCGG
MY_INDEX_i5_ 110,TCGCGATGTC,MY_INDEX_i7_ 110,GCATCCTACT
MY_INDEX_i5_ 116,TCCAGCTCAT,MY_INDEX_i7_ 116,CGGCATATAC
MY_INDEX_i5_ 118,GTAGAAGCAT,MY_INDEX_i7_ 118,CGGAGACTAT
MY_INDEX_i5_ 120,ATCTTGCGGC,MY_INDEX_i7_ 120,GCGATGGAAG
MY_INDEX_i5_ 122,TCTCGGAGTT,MY_INDEX_i7_ 122,TTACACACGG
MY_INDEX_i5_ 123,CCGCGATTAG,MY_INDEX_i7_ 123,CGAGATTAGA
MY_INDEX_i5_ 124,TTGTGTCTGC,MY_INDEX_i7_ 124,CAAGGATCGA
MY_INDEX_i5_ 126,GATCTATTGG,MY_INDEX_i7_ 126,AAGAGCTCGC
MY_INDEX_i5_ 127,CCGATATGTC,MY_INDEX_i7_ 127,ACAGAGGCGT
MY_INDEX_i5_ 129,ACACAATGGT,MY_INDEX_i7_ 129,GCGAAGTAGG
MY_INDEX_i5_ 132,CCACGACTTC,MY_INDEX_i7_ 132,AGGACGGACA
MY_INDEX_i5_ 133,CGACTCACTA,MY_INDEX_i7_ 133,CCTATGTGTA
MY_INDEX_i5_ 134,TTCCGTCCAA,MY_INDEX_i7_ 134,CAACGTTGAC
MY_INDEX_i5_ 136,CCTAACTCAT,MY_INDEX_i7_ 136,TTACACCAAC
MY_INDEX_i5_ 137,TTCGATGACG,MY_INDEX_i7_ 137,CCTGGAATTA
MY_INDEX_i5_ 142,GCCGGTAAGT,MY_INDEX_i7_ 142,TAGGTTCAAG
MY_INDEX_i5_ 143,GAAGGAGAGC,MY_INDEX_i7_ 143,AAGACTCTCG
MY_INDEX_i5_ 144,CGTGGTCACT,MY_INDEX_i7_ 144,GAAGATCGAC
MY_INDEX_i5_ 145,CTAACAGCCG,MY_INDEX_i7_ 145,TTGGATTGTC
MY_INDEX_i5_ 146,ACTCCGACTG,MY_INDEX_i7_ 146,AATTGGCACA
MY_INDEX_i5_ 151,TATTAGCAGC,MY_INDEX_i7_ 151,TCAATACGTG
MY_INDEX_i5_ 154,GCTGGCCAAT,MY_INDEX_i7_ 154,TTACGGACGC
MY_INDEX_i5_ 155,GACATTCAAG,MY_INDEX_i7_ 155,CCAATGTTGA
MY_INDEX_i5_ 157,ATGGTGGTGC,MY_INDEX_i7_ 157,GCCGTGAACA
MY_INDEX_i5_ 158,CTACGTGGTA,MY_INDEX_i7_ 158,AGGAGACCAC
MY_INDEX_i5_ 160,CTCGTAGGTC,MY_INDEX_i7_ 160,AACGCGACTG
MY_INDEX_i5_ 163,CTTATTCGGA,MY_INDEX_i7_ 163,TCAATCTAGC
MY_INDEX_i5_ 164,AGCTATAGAG,MY_INDEX_i7_ 164,GCGGAGTCAA
MY_INDEX_i5_ 165,CTGGCATCCA,MY_INDEX_i7_ 165,GATGCTAGAA
MY_INDEX_i5_ 166,CCTAGCAATT,MY_INDEX_i7_ 166,ACGATGGTTA
MY_INDEX_i5_ 167,CCTCCTCTTG,MY_INDEX_i7_ 167,AGAGCAGTAT
MY_INDEX_i5_ 174,TGAACAACTC,MY_INDEX_i7_ 174,GTACGCATCG
MY_INDEX_i5_ 175,CACGGAATTG,MY_INDEX_i7_ 175,ACTTCCGTTC
MY_INDEX_i5_ 178,CTCCTGAATG,MY_INDEX_i7_ 178,ACGCAACACA
MY_INDEX_i5_ 181,GCAGACTTCA,MY_INDEX_i7_ 181,ATCCTAGAAC
MY_INDEX_i5_ 183,CCTTAAGCAG,MY_INDEX_i7_ 183,CTTACTCTCT
MY_INDEX_i5_ 184,ACAGGTAGAA,MY_INDEX_i7_ 184,CCGACAACCT
MY_INDEX_i5_ 185,GCTCTTCGAT,MY_INDEX_i7_ 185,GATCTGTATG
MY_INDEX_i5_ 187,AGACGCTGTG,MY_INDEX_i7_ 187,GAATAGAGTG
MY_INDEX_i5_ 191,TTCATGGTGC,MY_INDEX_i7_ 191,CTACAAGTTC
MY_INDEX_i5_ 192,CGGACGGAAT,MY_INDEX_i7_ 192,AACCTGATCT
MY_INDEX_i5_ 194,TCTCTAGCGC,MY_INDEX_i7_ 194,CCAACTGTAT
MY_INDEX_i5_ 196,ATCGCTTCGT,MY_INDEX_i7_ 196,CCAGTATTCT
MY_INDEX_i5_ 198,ACCATACAGA,MY_INDEX_i7_ 198,ATTCGCACTA
MY_INDEX_i5_ 199,GTAGAGACAA,MY_INDEX_i7_ 199,CTCTTCAGCA
MY_INDEX_i5_ 200,ACAGCCGGAA,MY_INDEX_i7_ 200,CTGTATGCCA
MY_INDEX_i5_ 201,GATCTGGTTA,MY_INDEX_i7_ 201,TCTGACTATG
MY_INDEX_i5_ 202,CTAACGCTGC,MY_INDEX_i7_ 202,TGTGACGTAT
MY_INDEX_i5_ 203,AGTACCTTCT,MY_INDEX_i7_ 203,AGAAGATTGG
MY_INDEX_i5_ 205,TAGGAGGTTC,MY_INDEX_i7_ 205,GCGCCATATA
MY_INDEX_i5_ 206,TGTCGCGTTC,MY_INDEX_i7_ 206,CACTCGCATA
MY_INDEX_i5_ 207,CCTATAATGC,MY_INDEX_i7_ 207,AAGGTCAATG
MY_INDEX_i5_ 211,AACCAGGAGA,MY_INDEX_i7_ 211,CCATCACGTG
MY_INDEX_i5_ 212,ATGCCATGCT,MY_INDEX_i7_ 212,ACCAGGAATT
MY_INDEX_i5_ 215,TGAGATCTGT,MY_INDEX_i7_ 215,CATATGGTGC
MY_INDEX_i5_ 220,GAGTTCGAAC,MY_INDEX_i7_ 220,TCGACCAGCA
MY_INDEX_i5_ 222,CGGTGCACTT,MY_INDEX_i7_ 222,AATGGACGCG
MY_INDEX_i5_ 224,CGGTGTTGGA,MY_INDEX_i7_ 224,TGGAAGCACA
MY_INDEX_i5_ 227,CGGTTGAACG,MY_INDEX_i7_ 227,CTCTATACTG
MY_INDEX_i5_ 228,CCGGATAAGA,MY_INDEX_i7_ 228,ATAGCCGGTT
MY_INDEX_i5_ 229,AGAATGGAGG,MY_INDEX_i7_ 229,GTTCTCATCA
MY_INDEX_i5_ 232,GTAACATCTG,MY_INDEX_i7_ 232,TGCTTCCAAG
MY_INDEX_i5_ 233,GCCAATTGCA,MY_INDEX_i7_ 233,CCTACTCTGC
MY_INDEX_i5_ 234,CTAGAGCATT,MY_INDEX_i7_ 234,TCGCTGAGAG
MY_INDEX_i5_ 238,CGGATGAGCA,MY_INDEX_i7_ 238,TAGGTCCAGA
MY_INDEX_i5_ 239,CGTCAATTGA,MY_INDEX_i7_ 239,TAACCTGAAC
MY_INDEX_i5_ 240,TCTTGCGTCT,MY_INDEX_i7_ 240,GATAGGTGAA
MY_INDEX_i5_ 246,AGCCAGTGAA,MY_INDEX_i7_ 246,TTGTGAGAAG
MY_INDEX_i5_ 250,AAGGTTACGG,MY_INDEX_i7_ 250,CGGATCATTA
MY_INDEX_i5_ 251,CCAATCAAGT,MY_INDEX_i7_ 251,CTCTCTCTAG
MY_INDEX_i5_ 252,TCCATCTTCA,MY_INDEX_i7_ 252,AAGGCTCCAT
MY_INDEX_i5_ 253,ATGGCGTACG,MY_INDEX_i7_ 253,GATAGATCAG
MY_INDEX_i5_ 254,TTCGACGCAG,MY_INDEX_i7_ 254,GCAGAAGTCT
MY_INDEX_i5_ 255,AGATTAGGAG,MY_INDEX_i7_ 255,TATACGATGC
MY_INDEX_i5_ 259,TCTAGACAGG,MY_INDEX_i7_ 259,CCACTCAACG
MY_INDEX_i5_ 261,TCATCCGTGA,MY_INDEX_i7_ 261,GCGAAGAATT
MY_INDEX_i5_ 263,GTCTTCCATT,MY_INDEX_i7_ 263,TCTACAGCTA
MY_INDEX_i5_ 264,GTCACCTTAT,MY_INDEX_i7_ 264,CAACCATGAT
MY_INDEX_i5_ 265,CTACGTTCCA,MY_INDEX_i7_ 265,CGCACATTAC
MY_INDEX_i5_ 266,GAACCACAGG,MY_INDEX_i7_ 266,ATCTAACCTG
MY_INDEX_i5_ 267,CCGTACGAAT,MY_INDEX_i7_ 267,GCGACAATAT
MY_INDEX_i5_ 269,AACAGAACAC,MY_INDEX_i7_ 269,GATCCACTTA
MY_INDEX_i5_ 271,GCCGTTATGC,MY_INDEX_i7_ 271,ATAGAGTTCG
MY_INDEX_i5_ 272,AAGCAGGCTC,MY_INDEX_i7_ 272,GCATTCCTTC
MY_INDEX_i5_ 273,TCTACTGAAC,MY_INDEX_i7_ 273,AATCGTGCGG
MY_INDEX_i5_ 276,ATTCGAATGC,MY_INDEX_i7_ 276,TACCTAGACT
MY_INDEX_i5_ 277,TAAGGCCGGT,MY_INDEX_i7_ 277,CAGACTGCAG
MY_INDEX_i5_ 278,TGCTATGCAG,MY_INDEX_i7_ 278,GTTAGTGCCT
MY_INDEX_i5_ 282,GATTCGTGAG,MY_INDEX_i7_ 282,GTAATACTCG
MY_INDEX_i5_ 283,ACCGCTAGCA,MY_INDEX_i7_ 283,GATTCTTAGC
MY_INDEX_i5_ 284,AGACTCGTCT,MY_INDEX_i7_ 284,TGTGATCGCG
MY_INDEX_i5_ 285,TCTGCTTCCA,MY_INDEX_i7_ 285,ATCGAGAGAC
MY_INDEX_i5_ 289,TATAACCGGT,MY_INDEX_i7_ 289,CAACCATACA
MY_INDEX_i5_ 290,AGACAGTGGC,MY_INDEX_i7_ 290,GTAGGCCGTT
MY_INDEX_i5_ 292,ATGGACAACA,MY_INDEX_i7_ 292,ACTGGCAAGA
MY_INDEX_i5_ 293,TTCAGTATCG,MY_INDEX_i7_ 293,ACAAGAACCT
MY_INDEX_i5_ 295,AAGAATTCCG,MY_INDEX_i7_ 295,ACTTAGATCG
MY_INDEX_i5_ 296,GACAGTGCTT,MY_INDEX_i7_ 296,GATCAACAAG
MY_INDEX_i5_ 297,ATCTACGGTC,MY_INDEX_i7_ 297,ACCTTCGGAC
MY_INDEX_i5_ 298,GTGCAGATTA,MY_INDEX_i7_ 298,TATCATGTCG
MY_INDEX_i5_ 301,CACACTTATC,MY_INDEX_i7_ 301,TCGACGTTGG
MY_INDEX_i5_ 302,ACGTCCTTGC,MY_INDEX_i7_ 302,AAGAGTACGA
MY_INDEX_i5_ 303,CTACGCAGAC,MY_INDEX_i7_ 303,CACGAGAAGT
MY_INDEX_i5_ 305,CTTACGAGTA,MY_INDEX_i7_ 305,TTCTACCGGC
MY_INDEX_i5_ 306,CCTCACAGAT,MY_INDEX_i7_ 306,GTGAGAGTAT
MY_INDEX_i5_ 308,CCAACAGATT,MY_INDEX_i7_ 308,TGACAAGAGG
MY_INDEX_i5_ 309,ACACGCAAGT,MY_INDEX_i7_ 309,TGTTCGCTCT
MY_INDEX_i5_ 310,GCGCACATCT,MY_INDEX_i7_ 310,AGGTATTCGG
MY_INDEX_i5_ 312,CGCGGATTGA,MY_INDEX_i7_ 312,CACGTAAGAG
MY_INDEX_i5_ 314,ATGACAGTTG,MY_INDEX_i7_ 314,AGGCTGGAGA
MY_INDEX_i5_ 315,TCGTTCGTAA,MY_INDEX_i7_ 315,TAAGCCACGC
MY_INDEX_i5_ 316,AACCAGAGTC,MY_INDEX_i7_ 316,TCAATCAGAG
MY_INDEX_i5_ 317,CTAAGCTAAC,MY_INDEX_i7_ 317,AACATAAGGC
MY_INDEX_i5_ 318,TGAAGTCTCG,MY_INDEX_i7_ 318,TTGCAATGCG
MY_INDEX_i5_ 319,GATCTGAACA,MY_INDEX_i7_ 319,AACCGGCCTT
MY_INDEX_i5_ 321,GATGTGAAGT,MY_INDEX_i7_ 321,CATTGAGCTA
MY_INDEX_i5_ 322,CTTACCGACG,MY_INDEX_i7_ 322,CTTCGGAATC
MY_INDEX_i5_ 323,TCAGCAGAGG,MY_INDEX_i7_ 323,AACCACACTA
MY_INDEX_i5_ 326,CACAGGACTC,MY_INDEX_i7_ 326,TGGACAATAG
MY_INDEX_i5_ 327,CGATCAGAAG,MY_INDEX_i7_ 327,TCACACGGAT
MY_INDEX_i5_ 328,TGACGTGGTT,MY_INDEX_i7_ 328,AGGATACGGT
MY_INDEX_i5_ 329,TCCTGCATAA,MY_INDEX_i7_ 329,GCTACAGGTC
MY_INDEX_i5_ 330,TCATCACGCA,MY_INDEX_i7_ 330,GCCAAGTAAC
MY_INDEX_i5_ 332,GCTAACGGCA,MY_INDEX_i7_ 332,GTCGACTCCT
MY_INDEX_i5_ 333,ACGCAAGAAG,MY_INDEX_i7_ 333,CTGAGCTTGT
MY_INDEX_i5_ 336,TAGAGGCTTA,MY_INDEX_i7_ 336,CTCATCATCT
MY_INDEX_i5_ 337,CATAATCCGG,MY_INDEX_i7_ 337,CGAGTTCGCA
MY_INDEX_i5_ 340,CCGCGTCATT,MY_INDEX_i7_ 340,CTTGCGAAGA
MY_INDEX_i5_ 342,ATTCCAAGAC,MY_INDEX_i7_ 342,AACGACATCT
MY_INDEX_i5_ 344,TCCTTGTCGG,MY_INDEX_i7_ 344,GTCATCGCGT
MY_INDEX_i5_ 345,GTCAACACCA,MY_INDEX_i7_ 345,AGTGGTAGCA
MY_INDEX_i5_ 346,ACGTAGCTCA,MY_INDEX_i7_ 346,TATCCAGTTC
MY_INDEX_i5_ 348,CACTAATCAG,MY_INDEX_i7_ 348,TTCGTTCACA
MY_INDEX_i5_ 352,TATGGTAGGA,MY_INDEX_i7_ 352,AGAACCGGAC
MY_INDEX_i5_ 354,ACCGCTTCAA,MY_INDEX_i7_ 354,CTCATTCTGC
MY_INDEX_i5_ 355,ACACTGCGAT,MY_INDEX_i7_ 355,AACAGTGACT
MY_INDEX_i5_ 356,AACCGAGATT,MY_INDEX_i7_ 356,CCACTTGGAT
MY_INDEX_i5_ 358,CCAGGAACCA,MY_INDEX_i7_ 358,GCATAGCCAA
MY_INDEX_i5_ 359,CAACTGACTG,MY_INDEX_i7_ 359,ACGTGCATCG
MY_INDEX_i5_ 360,TACACGAAGA,MY_INDEX_i7_ 360,GCGATGCAGA
MY_INDEX_i5_ 362,ACCGTACACT,MY_INDEX_i7_ 362,AGAACCTACA
MY_INDEX_i5_ 363,CCACAATTGC,MY_INDEX_i7_ 363,ATGGTGTATC
MY_INDEX_i5_ 364,CGGTCTCTGT,MY_INDEX_i7_ 364,CTCAGAATTC
MY_INDEX_i5_ 365,CAACTGGCCT,MY_INDEX_i7_ 365,TATGATGCAG
MY_INDEX_i5_ 367,AATTCCACGT,MY_INDEX_i7_ 367,AGAGGCACGA
MY_INDEX_i5_ 369,AGCGACAGGT,MY_INDEX_i7_ 369,TTAAGTGCGT
MY_INDEX_i5_ 370,GAGTAACCTT,MY_INDEX_i7_ 370,TCGGAGACCT
MY_INDEX_i5_ 371,GACATAGAAC,MY_INDEX_i7_ 371,TCCAGCGAAG
MY_INDEX_i5_ 372,ATCTAGAGCG,MY_INDEX_i7_ 372,GTACTAAGAG
MY_INDEX_i5_ 373,GTTGGCACCA,MY_INDEX_i7_ 373,GTCTTCTCGA
MY_INDEX_i5_ 376,AGATCGGATA,MY_INDEX_i7_ 376,ACCTCATTGA
MY_INDEX_i5_ 377,CATCGGAAGA,MY_INDEX_i7_ 377,CGTGGCAGAA
MY_INDEX_i5_ 378,CACTATCGTC,MY_INDEX_i7_ 378,CAACAGGTAG
MY_INDEX_i5_ 382,ACAAGATCAG,MY_INDEX_i7_ 382,AAGGTACCGT
MY_INDEX_i5_ 383,CTACCGCGTT,MY_INDEX_i7_ 383,ACGACAATGA
MY_INDEX_i5_ 387,GCATATACCG,MY_INDEX_i7_ 387,CGTGATTGGT
MY_INDEX_i5_ 388,GCAAGAGATG,MY_INDEX_i7_ 388,CCAACCGTTC
MY_INDEX_i5_ 392,AACAACGTTC,MY_INDEX_i7_ 392,ATCACAGTCT
MY_INDEX_i5_ 394,AGCGCGATAG,MY_INDEX_i7_ 394,AGCACAGCAT
MY_INDEX_i5_ 399,CGTAGGTCTG,MY_INDEX_i7_ 399,CGGAGATACG
MY_INDEX_i5_ 402,ATCAACATCG,MY_INDEX_i7_ 402,CTGGACCATC
MY_INDEX_i5_ 407,CGTCTAGGTT,MY_INDEX_i7_ 407,AAGCGGTGAA
MY_INDEX_i5_ 408,TCCTACAGCG,MY_INDEX_i7_ 408,ATAGCTCTAG
MY_INDEX_i5_ 410,CCAGTGACGA,MY_INDEX_i7_ 410,GACCATCTAC
MY_INDEX_i5_ 412,AATTGACCAC,MY_INDEX_i7_ 412,TAGGCCTCCT
MY_INDEX_i5_ 416,TGCCTATCGC,MY_INDEX_i7_ 416,AGCACCTATT
MY_INDEX_i5_ 417,GAAGCGGTCA,MY_INDEX_i7_ 417,GTTGGAATCT
MY_INDEX_i5_ 418,GACAGTCCAC,MY_INDEX_i7_ 418,CTGCAGATCG
MY_INDEX_i5_ 420,CCAAGCACAA,MY_INDEX_i7_ 420,CCACATCATA
MY_INDEX_i5_ 421,CCGTACAGTC,MY_INDEX_i7_ 421,ACAACGAATC
MY_INDEX_i5_ 425,CTGTTAGGAT,MY_INDEX_i7_ 425,GACATAACCT
MY_INDEX_i5_ 430,GACCGACATC,MY_INDEX_i7_ 430,GCCTTAACGA
MY_INDEX_i5_ 432,AGAGGAGCAG,MY_INDEX_i7_ 432,ATGAGGCTGC
MY_INDEX_i5_ 433,AGCTACTGAC,MY_INDEX_i7_ 433,ACGGAGAGGT
MY_INDEX_i5_ 434,AGGTCGATAA,MY_INDEX_i7_ 434,CGACGTACAC
MY_INDEX_i5_ 435,CTTCCTACAA,MY_INDEX_i7_ 435,ACTGTCGACG
MY_INDEX_i5_ 436,AGCGTAGCAA,MY_INDEX_i7_ 436,CAAGAGGCTT
MY_INDEX_i5_ 439,CCGATGACGT,MY_INDEX_i7_ 439,TGCTCATTCA
MY_INDEX_i5_ 447,ACAGAGCTGG,MY_INDEX_i7_ 447,CTAGCAGTTA
MY_INDEX_i5_ 448,TAACGACGTT,MY_INDEX_i7_ 448,AATAGCCATC
MY_INDEX_i5_ 449,AAGCACGACA,MY_INDEX_i7_ 449,TCGAGCGTTA
MY_INDEX_i5_ 453,CGCCACAGAA,MY_INDEX_i7_ 453,CAGCACTACG
MY_INDEX_i5_ 454,GTGCAGCTAC,MY_INDEX_i7_ 454,ATTCTTGCCT
MY_INDEX_i5_ 455,CTCCGAACAA,MY_INDEX_i7_ 455,GTAGATCCGG
MY_INDEX_i5_ 457,TATCCAACGA,MY_INDEX_i7_ 457,AATGGACCTT
MY_INDEX_i5_ 458,CTAACTGGTT,MY_INDEX_i7_ 458,GCACTTACAA
MY_INDEX_i5_ 462,AAGATACAGC,MY_INDEX_i7_ 462,GCGGTTGATA
MY_INDEX_i5_ 463,TCAGTCATGT,MY_INDEX_i7_ 463,TCCTCTCGAA
MY_INDEX_i5_ 467,CCTCCATTAT,MY_INDEX_i7_ 467,GAAGGAGCCT
MY_INDEX_i5_ 468,ATAGCGCAGC,MY_INDEX_i7_ 468,AATACGAGGT
MY_INDEX_i5_ 469,GTGAGTGCAG,MY_INDEX_i7_ 469,GCCGTCATAA
MY_INDEX_i5_ 471,AACACGCCAC,MY_INDEX_i7_ 471,TGCTCGTGAG
MY_INDEX_i5_ 472,AGCTGAACTA,MY_INDEX_i7_ 472,AGCATGTAAC
MY_INDEX_i5_ 473,TTCCTAGCCG,MY_INDEX_i7_ 473,TGCTCCTAAC
MY_INDEX_i5_ 476,ACCTTCCGGT,MY_INDEX_i7_ 476,TAGCCTCATG
MY_INDEX_i5_ 477,TTACTAGGCA,MY_INDEX_i7_ 477,ACACCGCTTA
MY_INDEX_i5_ 484,GTCTGAGCTC,MY_INDEX_i7_ 484,TTCAACAAGC
MY_INDEX_i5_ 486,CGCTACACTC,MY_INDEX_i7_ 486,ACCGACTGCT
MY_INDEX_i5_ 489,ACAAGAGTTC,MY_INDEX_i7_ 489,AGGTATGAGA
MY_INDEX_i5_ 490,GATAGCCGAG,MY_INDEX_i7_ 490,TTGCGCCAAG
MY_INDEX_i5_ 492,ATCACGGCTA,MY_INDEX_i7_ 492,CGATGATAGC
MY_INDEX_i5_ 493,ATAACGCTCA,MY_INDEX_i7_ 493,AGATCGCTCG
MY_INDEX_i5_ 495,CCATAAGAGG,MY_INDEX_i7_ 495,AATGGTCTAC
MY_INDEX_i5_ 496,TTGGCAACCG,MY_INDEX_i7_ 496,GTTGCCTGAC
MY_INDEX_i5_ 500,TGCAAGACAG,MY_INDEX_i7_ 500,ATGTAGACCT
MY_INDEX_i5_ 502,TTAGAATCGG,MY_INDEX_i7_ 502,GCGATGACTA
MY_INDEX_i5_ 503,GAACGGACTA,MY_INDEX_i7_ 503,TGTGCGCATC
MY_INDEX_i5_ 505,TAATATCCGC,MY_INDEX_i7_ 505,CAGGACCAAT
MY_INDEX_i5_ 506,CCTGTCACCA,MY_INDEX_i7_ 506,CGGAAGATGG
MY_INDEX_i5_ 507,GCATTCAGCG,MY_INDEX_i7_ 507,TCCGCGAGTA
MY_INDEX_i5_ 508,ATTAACCAGC,MY_INDEX_i7_ 508,AATACACGGA
MY_INDEX_i5_ 509,CACTATTCCA,MY_INDEX_i7_ 509,GTACCATGTC
MY_INDEX_i5_ 511,CACGCAGTAA,MY_INDEX_i7_ 511,ATGTTAGACG
MY_INDEX_i5_ 513,TGGATTGTAG,MY_INDEX_i7_ 513,TCGTCCGCAT
MY_INDEX_i5_ 514,CACAGACGTA,MY_INDEX_i7_ 514,TTCAGAACAG
MY_INDEX_i5_ 515,ATCTTCCACA,MY_INDEX_i7_ 515,TCTAGGCATA
MY_INDEX_i5_ 516,AGTAAGCGGT,MY_INDEX_i7_ 516,TGAGATCAAG
MY_INDEX_i5_ 517,AACGGATCGC,MY_INDEX_i7_ 517,GATCACGGTT
MY_INDEX_i5_ 522,GACGAGACCT,MY_INDEX_i7_ 522,CCATTCTGTA
MY_INDEX_i5_ 526,AGAACCGCTA,MY_INDEX_i7_ 526,AGTGGACTGG
MY_INDEX_i5_ 527,TTGTCTGTAG,MY_INDEX_i7_ 527,GTTCTACGAA
MY_INDEX_i5_ 528,CGCTCGTGTT,MY_INDEX_i7_ 528,CTAAGATCCT
MY_INDEX_i5_ 529,TTCGCAATTC,MY_INDEX_i7_ 529,CCGGCACTAT
MY_INDEX_i5_ 530,ACAACCAGTA,MY_INDEX_i7_ 530,TCCTGGAACA
MY_INDEX_i5_ 531,GATCATTCCT,MY_INDEX_i7_ 531,TACAGAGCAA
MY_INDEX_i5_ 532,CTCATTAACG,MY_INDEX_i7_ 532,TTGGCAGATG
MY_INDEX_i5_ 534,CTTGAATTCG,MY_INDEX_i7_ 534,GTAATGCGGC
MY_INDEX_i5_ 535,CCGTGTTCTC,MY_INDEX_i7_ 535,CGTCAGTACG
MY_INDEX_i5_ 537,ACTATGGACT,MY_INDEX_i7_ 537,ACATCATCCT
MY_INDEX_i5_ 540,ATGGTATGGT,MY_INDEX_i7_ 540,ACTGTGAGGC
MY_INDEX_i5_ 541,AACAAGACCA,MY_INDEX_i7_ 541,ATTCCACACT
MY_INDEX_i5_ 542,CATTCTCATC,MY_INDEX_i7_ 542,AGTTAGCTGG
MY_INDEX_i5_ 544,TGACCTGCTG,MY_INDEX_i7_ 544,TGCCACTGTA
MY_INDEX_i5_ 546,AGCACAATGC,MY_INDEX_i7_ 546,ATACCTGTGA
MY_INDEX_i5_ 547,ACCAAGGTCT,MY_INDEX_i7_ 547,AACACAGCCG
MY_INDEX_i5_ 549,CCTATTCAGT,MY_INDEX_i7_ 549,TCAGCACCGT
MY_INDEX_i5_ 550,GTTAAGGACG,MY_INDEX_i7_ 550,ACTGTCAATC
MY_INDEX_i5_ 551,CTACCTGACA,MY_INDEX_i7_ 551,AATGTGGCGT
MY_INDEX_i5_ 553,AGACCGGTTC,MY_INDEX_i7_ 553,TACTAGAGGA
MY_INDEX_i5_ 554,GCACGACTAA,MY_INDEX_i7_ 554,CGATGAGACT
MY_INDEX_i5_ 555,ACACGCCTAG,MY_INDEX_i7_ 555,TCGCTTAAGC
MY_INDEX_i5_ 556,GTGTACACTA,MY_INDEX_i7_ 556,GACAATAGAG
MY_INDEX_i5_ 557,CGTTGTAGTT,MY_INDEX_i7_ 557,AACGACGCAT
MY_INDEX_i5_ 558,TCGCACTCCA,MY_INDEX_i7_ 558,TCAGATTCAC
MY_INDEX_i5_ 559,CCTGATTACG,MY_INDEX_i7_ 559,ATCACCGAAT
MY_INDEX_i5_ 561,CTAGTCGACT,MY_INDEX_i7_ 561,CTATAGCGAG
MY_INDEX_i5_ 562,AATCGGAGCT,MY_INDEX_i7_ 562,GTCGTCTTAC
MY_INDEX_i5_ 567,CGTCGCTTCA,MY_INDEX_i7_ 567,AGGACTGAAC
MY_INDEX_i5_ 568,AACTCCGATC,MY_INDEX_i7_ 568,TGTGAGCGAA
MY_INDEX_i5_ 569,CAGCATTCAA,MY_INDEX_i7_ 569,CTAGTCAGAA
MY_INDEX_i5_ 570,AGGTCAGCGA,MY_INDEX_i7_ 570,AAGACAGCTT
MY_INDEX_i5_ 571,AGGTTACCTT,MY_INDEX_i7_ 571,AGACGGCATC
MY_INDEX_i5_ 573,CAGGTAGCAT,MY_INDEX_i7_ 573,TTGGCCAGTT
MY_INDEX_i5_ 575,TGAAGGACGA,MY_INDEX_i7_ 575,GACGAACGTA
MY_INDEX_i5_ 577,GATACTTGTG,MY_INDEX_i7_ 577,AGACCTAGCT
MY_INDEX_i5_ 579,GACGTCGATA,MY_INDEX_i7_ 579,CGCAGAACTT
MY_INDEX_i5_ 581,AGCCTTATTC,MY_INDEX_i7_ 581,GATGAAGGAT
MY_INDEX_i5_ 584,ACAGGACTTG,MY_INDEX_i7_ 584,ACTGGTGTCG
MY_INDEX_i5_ 585,AGGTCACTAG,MY_INDEX_i7_ 585,TATCGCGACA
MY_INDEX_i5_ 586,TTGTAGGACA,MY_INDEX_i7_ 586,ATTGCGGCTG
MY_INDEX_i5_ 587,GAACTCTCAG,MY_INDEX_i7_ 587,ATGGAGACGG
MY_INDEX_i5_ 588,CATCTGTCCA,MY_INDEX_i7_ 588,CCACTGTGAC
MY_INDEX_i5_ 589,ACACCTGGCA,MY_INDEX_i7_ 589,AGAATCCTTC
MY_INDEX_i5_ 591,CGGTGAAGTC,MY_INDEX_i7_ 591,CAGAACGTGG
MY_INDEX_i5_ 592,CCATGTCGGT,MY_INDEX_i7_ 592,CCAAGACACT
MY_INDEX_i5_ 593,AATGACTGGT,MY_INDEX_i7_ 593,GAGCTTATGA
MY_INDEX_i5_ 594,CCAACTTAAC,MY_INDEX_i7_ 594,TCGGTCTTGC
MY_INDEX_i5_ 595,CTTAGTCCAA,MY_INDEX_i7_ 595,AACAACCTCA
MY_INDEX_i5_ 596,GCTACTTGAA,MY_INDEX_i7_ 596,TATGGTGATG
MY_INDEX_i5_ 599,CCAACTCTTA,MY_INDEX_i7_ 599,AGAGACTTAC
MY_INDEX_i5_ 601,GTGGACGTGA,MY_INDEX_i7_ 601,GAGCATCCAT
MY_INDEX_i5_ 602,AGGCGATGGT,MY_INDEX_i7_ 602,CGGAACGAAG
MY_INDEX_i5_ 607,AGATCAACAC,MY_INDEX_i7_ 607,AGATCTTCCA
MY_INDEX_i5_ 608,GATGAAGACG,MY_INDEX_i7_ 608,ACCAGACGGT
MY_INDEX_i5_ 611,ACGTAGGATA,MY_INDEX_i7_ 611,GCTGCCGATA
MY_INDEX_i5_ 612,TAAGGAGTTG,MY_INDEX_i7_ 612,TCACCGTCAC
MY_INDEX_i5_ 613,GTTCATCGAG,MY_INDEX_i7_ 613,GTTATTAGGC
MY_INDEX_i5_ 614,TGCGGACACA,MY_INDEX_i7_ 614,TATCGTTGTG
MY_INDEX_i5_ 618,ATGCTACTCA,MY_INDEX_i7_ 618,CAGCCTTGAG
MY_INDEX_i5_ 619,ACGCGTTCAC,MY_INDEX_i7_ 619,CGTAGATCGC
MY_INDEX_i5_ 621,ACAGTGTCCT,MY_INDEX_i7_ 621,GTTGGACGGT
MY_INDEX_i5_ 623,GCAAGTATTG,MY_INDEX_i7_ 623,GAGAGCTAAC
MY_INDEX_i5_ 624,TACGGTATTC,MY_INDEX_i7_ 624,GAATGTCCAA
MY_INDEX_i5_ 625,TGAATCGCGT,MY_INDEX_i7_ 625,TGTGAAGCTA
MY_INDEX_i5_ 629,AGCCAAGGAC,MY_INDEX_i7_ 629,GCGCTTCTAC
MY_INDEX_i5_ 631,CAACCGACGT,MY_INDEX_i7_ 631,CTCTCATGCG
MY_INDEX_i5_ 632,TATCTCGCTA,MY_INDEX_i7_ 632,GCATACTCTA
MY_INDEX_i5_ 633,TCCTGGATTC,MY_INDEX_i7_ 633,TTGGTGCATT
MY_INDEX_i5_ 635,GAGTTAGAGA,MY_INDEX_i7_ 635,AATCTCAGGC
MY_INDEX_i5_ 636,AGGCATTACT,MY_INDEX_i7_ 636,GTAAGCACAG
MY_INDEX_i5_ 638,CCGGCCATTA,MY_INDEX_i7_ 638,GCAGTCTTAT
MY_INDEX_i5_ 639,GATAGTCTGG,MY_INDEX_i7_ 639,AGAGGAATCG
MY_INDEX_i5_ 640,CCGTTGATAC,MY_INDEX_i7_ 640,ACTTGACTAG
MY_INDEX_i5_ 641,AACCAACCAA,MY_INDEX_i7_ 641,TTCAGGTCGT
MY_INDEX_i5_ 644,GTGCAGTAAT,MY_INDEX_i7_ 644,CGCTTAAGTA
MY_INDEX_i5_ 646,ATACTGAGTG,MY_INDEX_i7_ 646,TTATCTGTGC
MY_INDEX_i5_ 648,TTCTGTTCTG,MY_INDEX_i7_ 648,GAGCTCCACA
MY_INDEX_i5_ 650,ATTGGAACAC,MY_INDEX_i7_ 650,CCTCCAGAAG
MY_INDEX_i5_ 653,GCTGGAAGGA,MY_INDEX_i7_ 653,AACCGCATGC
MY_INDEX_i5_ 655,TCGTCAGTGC,MY_INDEX_i7_ 655,AAGCTAGCTG
MY_INDEX_i5_ 658,CGATAACCAA,MY_INDEX_i7_ 658,TCAGTAGCAG
MY_INDEX_i5_ 661,GATATACCTC,MY_INDEX_i7_ 661,AGAGACAATG
MY_INDEX_i5_ 663,ACAGCGATCG,MY_INDEX_i7_ 663,CTCACTTGGC
MY_INDEX_i5_ 664,CTGTTCTTCG,MY_INDEX_i7_ 664,GCAACCGAAC
MY_INDEX_i5_ 665,CACCAATAGT,MY_INDEX_i7_ 665,ACGCTCATAA
MY_INDEX_i5_ 668,TCACAGCTGC,MY_INDEX_i7_ 668,AAGTTAGGAC
MY_INDEX_i5_ 669,TGATCTCGGT,MY_INDEX_i7_ 669,GTACACTAGT
MY_INDEX_i5_ 671,TTCAACGTCT,MY_INDEX_i7_ 671,AGAAGGAACA
MY_INDEX_i5_ 672,AGGCTAGGAT,MY_INDEX_i7_ 672,CACCGGTCTA
MY_INDEX_i5_ 673,CACAAGCTAT,MY_INDEX_i7_ 673,TCCTAGTATC
MY_INDEX_i5_ 674,AACGCGTATA,MY_INDEX_i7_ 674,AGACCACACG
MY_INDEX_i5_ 675,ACGACAGCCA,MY_INDEX_i7_ 675,TTGGCCGAAT
MY_INDEX_i5_ 676,CGTACACAAC,MY_INDEX_i7_ 676,CATTCTCTGG
MY_INDEX_i5_ 677,AAGCAGATGT,MY_INDEX_i7_ 677,TCTCTTAGGT
MY_INDEX_i5_ 682,TGAACCACAA,MY_INDEX_i7_ 682,GATTACTCAC
MY_INDEX_i5_ 683,CGCTAATCTT,MY_INDEX_i7_ 683,AATCCTCGAA
MY_INDEX_i5_ 684,AGAGGTTACA,MY_INDEX_i7_ 684,CAGAAGTTAG
MY_INDEX_i5_ 685,ATACAGGTGT,MY_INDEX_i7_ 685,GTCGGTTCAC
MY_INDEX_i5_ 686,ACATACCTTG,MY_INDEX_i7_ 686,ACCAGCATCT
MY_INDEX_i5_ 693,ACGATCTCGG,MY_INDEX_i7_ 693,TGTTGGTGTC
MY_INDEX_i5_ 696,CATAACTCGC,MY_INDEX_i7_ 696,ATACGGAGAT
MY_INDEX_i5_ 697,CCAGCTATAA,MY_INDEX_i7_ 697,GCCTCACTAG
MY_INDEX_i5_ 698,TGGCATCTGG,MY_INDEX_i7_ 698,AAGACGTATG
MY_INDEX_i5_ 699,GTCTTATCAG,MY_INDEX_i7_ 699,AGTGAAGCGC
MY_INDEX_i5_ 701,CAATTGCTAC,MY_INDEX_i7_ 701,CATGTAAGGT
MY_INDEX_i5_ 703,CTTCAGCATA,MY_INDEX_i7_ 703,AACCGAAGGA
MY_INDEX_i5_ 704,ACGTCTATCT,MY_INDEX_i7_ 704,TAAGCGCGTG
,,,
