ID1,INDEX1,ID2,INDEX2
UDP0002,AGGTCAGATA,UDP0002,CTACAAGATA
UDP0001,GAACTGAGCG,UDP0001,TCGTGGAGCG
UDP0003V3,CGACATCCGA,UDP0003V3,TACGTTCATT
UDP0004,ATTCCATAAG,UDP0004,TGCCTGGTGG
UDP0005V3,CACAATAGGA,UDP0005V3,TCCATCCGAG
UDP0006,AACATCGCGC,UDP0006,GTCCACTTGT
UDP0007,CTAGTGCTCT,UDP0007,TGGAACAGTA
UDP0008,GATCAAGGCA,UDP0008,CCTTGTTAAT
UDP0009,GACTGAGTAG,UDP0009,GTTGATAGTG
UDP0010,AGTCAGACGA,UDP0010,ACCAGCGACA
UDP0011,CCGTATGTTC,UDP0011,CATACACTGT
UDP0012,GAGTCATAGG,UDP0012,GTGTGGCGCT
UDP0013,CTTGCCATTA,UDP0013,ATCACGAAGG
UDP0014,GAAGCGGCAC,UDP0014,CGGCTCTACT
UDP0015,TCCATTGCCG,UDP0015,GAATGCACGA
UDP0016,CGGTTACGGC,UDP0016,AAGACTATAG
UDP0017,GAGAATGGTT,UDP0017,TCGGCAGCAA
UDP0018,AGAGGCAACC,UDP0018,CTAATGATGG
UDP0019,CCATCATTAG,UDP0019,GGTTGCCTCT
UDP0020,GATAGGCCGA,UDP0020,CGCACATGGC
UDP0021,ATGGTTGACT,UDP0021,GGCCTGTCCT
UDP0022,TATTGCGCTC,UDP0022,CTGTGTTAGG
UDP0023,ACGCCTTGTT,UDP0023,TAAGGAACGT
UDP0024,TTCTACATAC,UDP0024,CTAACTGTAA
UDP0025,AACCATAGAA,UDP0025,GGCGAGATGG
UDP0026,GGTTGCGAGG,UDP0026,AATAGAGCAA
UDP0027,TAAGCATCCA,UDP0027,TCAATCCATT
UDP0028,ACCACGACAT,UDP0028,TCGTATGCGG
UDP0029,GCCGCACTCT,UDP0029,TCCGACCTCG
UDP0030,CCACCAGGCA,UDP0030,CTTATGGAAT
UDP0031,GTGACACGCA,UDP0031,GCTTACGGAC
UDP0032,ACAGTGTATG,UDP0032,GAACATACGG
UDP0033,TGATTATACG,UDP0033,GTCGATTACA
UDP0034,CAGCCGCGTA,UDP0034,ACTAGCCGTG
UDP0035,GGTAACTCGC,UDP0035,AAGTTGGTGA
UDP0036,ACCGGCCGTA,UDP0036,TGGCAATATT
UDP0037,TGTAATCGAC,UDP0037,GATCACCGCG
UDP0038,GTGCAGACAG,UDP0038,TACCATCCGT
UDP0039,CAATCGGCTG,UDP0039,GCTGTAGGAA
UDP0040,TATGTAGTCA,UDP0040,CGCACTAATG
UDP0041,ACTCGGCAAT,UDP0041,GACAACTGAA
UDP0042,GTCTAATGGC,UDP0042,AGTGGTCAGG
UDP0043,CCATCTCGCC,UDP0043,TTCTATGGTT
UDP0044,CTGCGAGCCA,UDP0044,AATCCGGCCA
UDP0045,CGTTATTCTA,UDP0045,CCATAAGGTT
UDP0046V3,GCAACATGGA,UDP0046V3,CTTGTCTTAA
UDP0047,GTCCTGGATA,UDP0047,CGGTGGCGAA
UDP0048,CAGTGGCACT,UDP0048,TAACAATAGG
UDP0049,AGTGTTGCAC,UDP0049,CTGGTACACG
UDP0050,GACACCATGT,UDP0050,TCAACGTGTA
UDP0051,CCTGTCTGTC,UDP0051,ACTGTTGTGA
UDP0052,TGATGTAAGA,UDP0052,GTGCGTCCTT
UDP0053V3,TAGTTCGGTA,UDP0053V3,CCATGTGTAG
UDP0054V3,CTATTACTAC,UDP0054V3,GAGTCTCTCC
UDP0055V3,TAGCATAACC,UDP0055V3,GCTATGCGCA
UDP0056V3,ACTCTATTGT,UDP0056V3,ATCGCATATG
UDP0057,TCTATCCTAA,UDP0057,CGTCGACTGG
UDP0058,CTCGCTTCGG,UDP0058,TACTAGTCAA
UDP0059,CTGTTGGTCC,UDP0059,ATAGACCGTT
UDP0060,TTACCTGGAA,UDP0060,ACAGTTCCAG
UDP0061,TGGCTAATCA,UDP0061,AGGCATGTAG
UDP0062,AACACTGTTA,UDP0062,GCAAGTCTCA
UDP0063,ATTGCGCGGT,UDP0063,TTGGCTCCGC
UDP0064,TGGCGCGAAC,UDP0064,AACTGATACT
UDP0065,TAATGTGTCT,UDP0065,GTAAGGCATA
UDP0066,ATACCAACGC,UDP0066,AATTGCTGCG
UDP0067,AGGATGTGCT,UDP0067,TTACAATTCC
UDP0068,CACGGAACAA,UDP0068,AACCTAGCAC
UDP0069V3,CCAAGGCCTT,UDP0069V3,TCGAAGTACT
UDP0070V3,TTACTCCACA,UDP0070V3,GACACCGATG
UDP0071V3,AGTAGAAGTG,UDP0071V3,CTAGCGTCGA
UDP0072V3,TACGAGTCCA,UDP0072V3,TAGCGAAGCA
UDP0073V3,TCTCATGATA,UDP0073V3,AACACGTGGA
UDP0074V3,CGAGGCCAAG,UDP0074V3,GTGTTACCGG
UDP0075V3,TTCACGAGAC,UDP0075V3,AGATTGTTAC
UDP0076V3,GCGTGGATGG,UDP0076V3,TTGACCAATG
UDP0077,TCTGGTATCC,UDP0077,CGTTGCTTAC
UDP0078,CATTAGTGCG,UDP0078,TGACTACATA
UDP0079,ACGGTCAGGA,UDP0079,CGGCCTCGTT
UDP0080,GGCAAGCCAG,UDP0080,CAAGCATCCG
UDP0081,TGTCGCTGGT,UDP0081,TCGTCTGACT
UDP0082,ACCGTTACAA,UDP0082,CTCATAGCGA
UDP0083,TATGCCTTAC,UDP0083,AGACACATTA
UDP0084V3,ACTGGATCTA,UDP0084V3,TCGCCGCTAG
UDP0085,TGGTACCTAA,UDP0085,CATGAGTACT
UDP0086,TTGGAATTCC,UDP0086,ACGTCAATAC
UDP0087,CCTCTACATG,UDP0087,GATACCTCCT
UDP0088,GGAGCGTGTA,UDP0088,ATCCGTAAGT
UDP0089,GTCCGTAAGC,UDP0089,CGTGTATCTT
UDP0090,ACTTCAAGCG,UDP0090,GAACCATGAA
UDP0091,TCAGAAGGCG,UDP0091,GGCCATCATA
UDP0092,GCGTTGGTAT,UDP0092,ACATACTTCC
UDP0093,ACATATCCAG,UDP0093,TATGTGCAAT
UDP0094,TCATAGATTG,UDP0094,GATTAAGGTG
UDP0095,GTATTCCACC,UDP0095,ATGTAGACAA
UDP0096,CCTCCGTCCA,UDP0096,CACATCGGTG
UDP0097,TGCCGGTCAG,UDP0097,CCTGATACAA
UDP0098,CACTCAATTC,UDP0098,TTAAGTTGTG
UDP0099,TCTCACACGC,UDP0099,CGGACAGTGA
UDP0100,TCAATGGAGA,UDP0100,GCACTACAAC
UDP0101,ATATGCATGT,UDP0101,TGGTGCCTGG
UDP0102V3,CTAGCTTCAA,UDP0102V3,TGTGTAAGCT
UDP0103,TCCGTTATGT,UDP0103,TTGTAGTGTA
UDP0104,GGTCTATTAA,UDP0104,CCACGACACG
UDP0105,CAGCAATCGT,UDP0105,TGTGATGTAT
UDP0106,TTCTGTAGAA,UDP0106,GAGCGCAATA
UDP0107,GAACGCAATA,UDP0107,ATCTTACTGT
UDP0108,AGTACTCATG,UDP0108,ATGTCGTGGT
UDP0109,GGTAGAATTA,UDP0109,GTAGCCATCA
UDP0110,TAATTAGCGT,UDP0110,TGGTTAAGAA
UDP0111,ATTAACAAGG,UDP0111,TGTTGTTCGT
UDP0112,TGATGGCTAC,UDP0112,CCAACAACAT
UDP0113,GAATTACAAG,UDP0113,ACCGGCTCAG
UDP0114,TAGAATTGGA,UDP0114,GTTAATCTGA
UDP0115,AGGCAGCTCT,UDP0115,CGGCTAACGT
UDP0116,ATCGGCGAAG,UDP0116,TCCAAGAATT
UDP0117,CCGTGACCGA,UDP0117,CCGAACGTTG
UDP0118,ATACTTGTTC,UDP0118,TAACCGCCGA
UDP0119,TCCGCCAATT,UDP0119,CTCCGTGCTG
UDP0120,AGGACAGGCC,UDP0120,CATTCCAGCT
UDP0121,AGAGAACCTA,UDP0121,GGTTATGCTA
UDP0122,GATATTGTGT,UDP0122,ACCACACGGT
UDP0123,CGTACAGGAA,UDP0123,TAGGTTCTCT
UDP0124,CTGCGTTACC,UDP0124,TATGGCTCGA
UDP0125,AGGCCGTGGA,UDP0125,CTCGTGCGTT
UDP0126,AGGAGGTATC,UDP0126,CCAGTTGGCA
UDP0127,GCTGACGTTG,UDP0127,TGTTCGCATT
UDP0128,CTAATAACCG,UDP0128,AACCGCATCG
UDP0129,TCTAGGCGCG,UDP0129,CGAAGGTTAA
UDP0130,ATAGCCAAGA,UDP0130,AGTGCCACTG
UDP0131,TTCGGTGTGA,UDP0131,GAACAAGTAT
UDP0132,ATGTAACGTT,UDP0132,ACGATTGCTG
UDP0133,AACGAGGCCG,UDP0133,ATACCTGGAT
UDP0134,TGGTGTTATG,UDP0134,TCCAATTCTA
UDP0135,TGGCCTCTGT,UDP0135,TGAGACAGCG
UDP0136,CCAGGCACCA,UDP0136,ACGCTAATTA
UDP0137,CCGGTTCCTA,UDP0137,TATATTCGAG
UDP0138,GGCCAATATT,UDP0138,CGGTCCGATA
UDP0139,GAATACCTAT,UDP0139,ACAATAGAGT
UDP0140,TACGTGAAGG,UDP0140,CGGTTATTAG
UDP0141,CTTATTGGCC,UDP0141,GATAACAAGT
UDP0142,ACAACTACTG,UDP0142,AGTTATCACA
UDP0143,GTTGGATGAA,UDP0143,TTCCAGGTAA
UDP0144,AATCCAATTG,UDP0144,CATGTAGAGG
UDP0145V3,GTGCTAGGTT,UDP0145V3,TGAATATTGC
UDP0146V3,ACAGCGACCA,UDP0146V3,CAGGAGCTCT
UDP0147V3,TCCACACAGA,UDP0147V3,TTGTCGGATG
UDP0148V3,AAGTGTTAGG,UDP0148V3,GCTAGTTCCG
UDP0149,GATTCTGAAT,UDP0149,AGCGGTGGAC
UDP0150,TAGAGAATAC,UDP0150,TATAGATTCG
UDP0151,TTGTATCAGG,UDP0151,ACAGAGGCCA
UDP0152,CACAGCGGTC,UDP0152,ATTCCTATTG
UDP0153,CCACGCTGAA,UDP0153,TATTCCTCAG
UDP0154,GTTCGGAGTT,UDP0154,CGCCTTCTGA
UDP0155V3,ATGTCGTATT,UDP0155V3,TTCTTGCTGG
UDP0156,GCAATATTCA,UDP0156,GGCGCCAATT
UDP0157,CTAGATTGCG,UDP0157,AGATATGGCG
UDP0158,CGATGCGGTT,UDP0158,CCTGCTTGGT
UDP0159,TCCGGACTAG,UDP0159,GACGAACAAT
UDP0160,GTGACGGAGC,UDP0160,TGGCGGTCCA
UDP0161,AATTCCATCT,UDP0161,CTTCAGTTAC
UDP0162,TTAACGGTGT,UDP0162,TCCTGACCGT
UDP0163,ACTTGTTATC,UDP0163,CGCGCCTAGA
UDP0164,CGTGTACCAG,UDP0164,AGGATAAGTT
UDP0165,TTAACCTTCG,UDP0165,AGGCCAGACA
UDP0166,CATATGCGAT,UDP0166,CCTTGAACGG
UDP0167,AGCCTATGAT,UDP0167,CACCACCTAC
UDP0168,TATGACAATC,UDP0168,TTGCTTGTAT
UDP0169,ATGTTGTTGG,UDP0169,CAATCTATGA
UDP0170,GCACCACCAA,UDP0170,TGGTACTGAT
UDP0171,AGGCGTTCGC,UDP0171,TTCATCCAAC
UDP0172,CCTCCGGTTG,UDP0172,CATAACACCA
UDP0173,GTCCACCGCT,UDP0173,TCCTATTAGC
UDP0174,ATTGTTCGTC,UDP0174,TCTCTAGATT
UDP0175,GGACCAGTGG,UDP0175,CGCGAGCCTA
UDP0176,CCTTCTAACA,UDP0176,GATAAGCTCT
UDP0177,CTCGAATATA,UDP0177,GAGATGTCGA
UDP0178,GATCGTCGCG,UDP0178,CTGGATATGT
UDP0179V3,CCGACCTGTC,UDP0179V3,TGCTCATAAC
UDP0180,CGCTGTCTCA,UDP0180,ATTACTCACC
UDP0181,AATGCGAACA,UDP0181,AATTGGCGGA
UDP0182,AATTCTTGGA,UDP0182,TTGTCAACTT
UDP0183,TTCCTACAGC,UDP0183,GGCGAATTCT
UDP0184,ATCCAGGTAT,UDP0184,CAACGTCAGC
UDP0185,ACGGTCCAAC,UDP0185,TCTTACATCA
UDP0186,GTAACTTGGT,UDP0186,CGCCATACCT
UDP0187,AGCGCCACAC,UDP0187,CTAATGTCTT
UDP0188,TGCTACTGCC,UDP0188,CAACCGGAGG
UDP0189,CAACACCGCA,UDP0189,GGCAGTAGCA
UDP0190,CACCTTAATC,UDP0190,TTAGGATAGA
UDP0191,TTGAATGTTG,UDP0191,CGCAATCTAG
UDP0192,CCGGTAACAC,UDP0192,GAGTTGTACT
UDP0193V3,ATCGTTACGG,UDP0193V3,GCTCCGGAAG
UDP0194V3,TCCTACGTCA,UDP0194V3,TACTTAAGTG
UDP0195V3,GTTATATCGC,UDP0195V3,AAGACAAGGA
UDP0196V3,GTTGGCCATC,UDP0196V3,TGACATTCGT
UDP0197,TCCTGGTTGT,UDP0197,CTGACCGGCA
UDP0198,TAATTCTGCT,UDP0198,TCTCATCAAT
UDP0199,CGCACGACTG,UDP0199,GGACCAACAG
UDP0200,GAGGTTAGAC,UDP0200,AATGTATTGC
UDP0201,AACCGAGTTC,UDP0201,GATCTCTGGA
UDP0202,TGTGATAACT,UDP0202,CAGGCGCCAT
UDP0203,AGTATGCTAC,UDP0203,TTAATAGACC
UDP0204,GTAACTGAAG,UDP0204,GGAGTCGCGA
UDP0205,TCCTCGGACT,UDP0205,AACGCCAGAG
UDP0206,CTGGAACTGT,UDP0206,CGTAATTAAC
UDP0207,GAATATGCGG,UDP0207,ACGAGACTGA
UDP0208,GATCGGATAA,UDP0208,GTATCGGCCG
UDP0209,GCTAGACTAT,UDP0209,AATACGACAT
UDP0210,AGCTACTATA,UDP0210,GTTATATGGC
UDP0211,CCACCGGAGT,UDP0211,GCCTGCCATG
UDP0212,CTTACCGCAC,UDP0212,TAAGACCTAT
UDP0213,TTAGGATATC,UDP0213,TATACCATGG
UDP0214,TTATACGCGA,UDP0214,GCCGTCTGTT
UDP0215,CGCTTAGAAT,UDP0215,CAGAGTGATA
UDP0216,CCGAAGCGCT,UDP0216,TGCTAACTAT
UDP0217,CACTATCAAC,UDP0217,TCAGTTAATG
UDP0218V3,CATCTACGTA,UDP0218V3,TGTAATTGAG
UDP0219,TTACAGTTAG,UDP0219,ACATGCATAT
UDP0220,CTAAGTACGC,UDP0220,AACATACCTA
UDP0221V3,CTAGAGCGCA,UDP0221V3,GCTTCTAGCA
UDP0222V3,TCGATCACGC,UDP0222V3,CATAGAGCCT
UDP0223V3,AACCTGGCTC,UDP0223V3,TGAGTATGTT
UDP0224V3,TTATGGAAGT,UDP0224V3,GACAATAACA
UDP0225,TAGTGGAAGC,UDP0225,AGTACCTATA
UDP0226,CGCCATATCT,UDP0226,GACCGGAGAT
UDP0227V3,GCAGCCTCAA,UDP0227V3,TAAGTGCTAG
UDP0228,ACTAGCGCTA,UDP0228,TTACTTCCTC
UDP0229,GCTCTTAACT,UDP0229,CACGTCCACC
UDP0230,GTGGTATCTG,UDP0230,GCTACTATCT
UDP0231,TGACGGCCGT,UDP0231,AGTCAACCAT
UDP0232,CAGTAATTAC,UDP0232,CGAGGCGGTA
UDP0233,TACAAGACTT,UDP0233,CAGGTGTTCA
UDP0234,CTGTGGTGAC,UDP0234,GACAGACAGG
UDP0235,CTCCACTAAT,UDP0235,TGTACTTGTT
UDP0236,ATAGTTAGCA,UDP0236,CTCTAAGTAG
UDP0237,ATAGGTCTTA,UDP0237,GTCACCACAG
UDP0238,TTCTTAACCA,UDP0238,TCTACATACC
UDP0239,AAGGAAGAGT,UDP0239,CACGTTAGGC
UDP0240,GGAAGGAGAC,UDP0240,TGGTGAGTCT
UDP0241,TGAACGCGGA,UDP0241,CTTCGAAGGA
UDP0242V3,AAGAGAGTCT,UDP0242V3,TACGAATCTT
UDP0243,TTCATGGTTC,UDP0243,GACATTGTCA
UDP0244V3,CTCTCGGCTA,UDP0244V3,TACCAGATCT
UDP0245,CACTAGACCA,UDP0245,ACTGCCTTAT
UDP0246,ATTATCCACT,UDP0246,TACGCACGTA
UDP0247,ATGGCGTGCC,UDP0247,CGCTTGAAGT
UDP0248,TCCAGAGATC,UDP0248,CTGCACTTCA
UDP0249,ATGTCCAGCA,UDP0249,CAGCGGACAA
UDP0250,CAACGTTCGG,UDP0250,GGATCCGCAT
UDP0251,GCGTATTAAT,UDP0251,TGCGGTGTTG
UDP0252V2,CCGAATCTGG,UDP0252V2,ATGAATCAAG
UDP0253,TCTCAATACC,UDP0253,GACGTTCGCG
UDP0254,AAGCATCTTG,UDP0254,CATTCAACAA
UDP0255,TCAGTCTCGT,UDP0255,CACGGATTAT
UDP0256V3,GTATAGAACA,UDP0256V3,TGTCACAGGA
UDP0257,GTAACAATCT,UDP0257,CTCTGTATAC
UDP0258V2,CCATGGTATA,UDP0258V2,TCTCGCGGAG
UDP0259,TCATACCGTT,UDP0259,GGTAACGCAG
UDP0260,GGCGCCATTG,UDP0260,ACCGCGCAAT
UDP0261,AGCGAATTAG,UDP0261,AGCCGGAACA
UDP0262,TTAGACCATG,UDP0262,TCCTAGGAAG
UDP0263,CACACAGTAT,UDP0263,TTGAGCCTAA
UDP0264,TCTTGTCGGC,UDP0264,CCACCTGTGT
UDP0265V3,CTAACCGAGA,UDP0265V3,TCGATGCGCG
UDP0266V3,AGTGTCTAGG,UDP0266V3,CCTAGAAGCA
UDP0267V3,GAGGAGCTTC,UDP0267V3,GACGTATACA
UDP0268V3,TCATCTACTA,UDP0268V3,TAGGCGACTT
UDP0269,GTAGGCGAGC,UDP0269,TAGGAGCGCA
UDP0270,AACTTATCCT,UDP0270,GTACTGGCGT
UDP0271,ATTATGTCTC,UDP0271,AGTTAAGAGC
UDP0272,TATAACAGCT,UDP0272,TCGCGTATAA
UDP0273,CCAATGATAC,UDP0273,GAGTGTGCCG
UDP0274,GAGGCCTATT,UDP0274,CTAGTCCGGA
UDP0275,AGCTAAGCGG,UDP0275,ATTAATACGC
UDP0276,CTTCCTAGGA,UDP0276,CCTAGAGTAT
UDP0277,CGATCTGTGA,UDP0277,TAGGAAGACT
UDP0278,GTGGACAAGT,UDP0278,CCGTGGCCTT
UDP0279,AACAAGTACA,UDP0279,GGATATATCC
UDP0280,AGATTAAGTG,UDP0280,CACCTCTTGG
UDP0281,TATCACTCTG,UDP0281,AACGTTACAT
UDP0282,AGAATTCGCC,UDP0282,CGGCAAGCTC
UDP0283,CCTGACCACT,UDP0283,TCTTGGCTAT
UDP0284,AGCTGGAATG,UDP0284,ACGGAATGCG
UDP0285V3,CCTTGGCATC,UDP0285V3,GACCGATTCG
UDP0286V3,TATAGGTACT,UDP0286V3,TAGGTGAGAT
UDP0287V3,CAAGTCTACA,UDP0287V3,CACGTACGTG
UDP0288V3,GAGAAGAGGA,UDP0288V3,TTGACCTAAC
UDP0289V2,AGATAGTAGC,UDP0289V2,GGCACGCCAT
UDP0290V2,ATTAGAAGAC,UDP0290V2,GCAGGCTGGA
UDP0291V2,GCTCGCACAT,UDP0291V2,ATGGCTTAAT
UDP0292,AATATTGCCA,UDP0292,CGGTGACACC
UDP0293,TCGTGCATTC,UDP0293,GCGTTGGTAT
UDP0294,AAGATACACG,UDP0294,TGTGCTAACA
UDP0295,TGCAATGAAT,UDP0295,CCAGAAGTAA
UDP0296,CTATGAAGGA,UDP0296,CTTATACCTG
UDP0297,GAAGACTAGA,UDP0297,ACTAGAACTT
UDP0298V3,CCAGGTTATC,UDP0298V3,GAATGCAGTT
UDP0299,TTCACTCACT,UDP0299,TATCATGAGA
UDP0300,GGTCCGCTTC,UDP0300,CTCACACAAG
UDP0301V2,TAGTGGCTTG,UDP0301V2,AGTTACTTGG
UDP0302,ATTGAGGTCC,UDP0302,CGGATTATAT
UDP0303,GGAGAGACTC,UDP0303,TTGAAGCAGA
UDP0304,CCGCTCCGTT,UDP0304,TACGGCGAAG
UDP0305,ATACATCACA,UDP0305,TCTCCATTGA
UDP0306,TAGGTATGTT,UDP0306,CGAGACCAAG
UDP0307,CACCTAGCAC,UDP0307,TGCTGGACAT
UDP0308,TTCAAGTATG,UDP0308,GATGGTATCG
UDP0309,TTAAGACAAG,UDP0309,GGCTTAATTG
UDP0310,CACCTCTCTT,UDP0310,CTCGACTCCT
UDP0311,TTCTCGTGCA,UDP0311,ATACACAGAG
UDP0312,GCTAGGAAGT,UDP0312,TCTCGGACGA
UDP0313,TTAATAGCAC,UDP0313,ACCACGTCTG
UDP0314,CATTCACGCT,UDP0314,GTTGTACTCA
UDP0315,GGCACTAAGG,UDP0315,TCAGGTCAAC
UDP0316,ATTCGGTACA,UDP0316,AGTCCGAGGA
UDP0317,ACTAATCTCC,UDP0317,CACTTAATCT
UDP0318,TGTGTTAGTA,UDP0318,TACTCTGTTA
UDP0319,CAACGACCTA,UDP0319,GCGACTCGAT
UDP0320,CGGTCGGCAT,UDP0320,CTAGGCAAGG
UDP0321V3,GTAACTCCGC,UDP0321V3,AATAGAACGG
UDP0322,CTCGTAGGCA,UDP0322,TCATCCTCTT
UDP0323,AAGTTCTAGT,UDP0323,GGTAAGATAA
UDP0324,CCAAGAGGTG,UDP0324,AACGAGCCAG
UDP0325,ATATCTGCTT,UDP0325,TAGACAATCT
UDP0326,TGGATCTGGC,UDP0326,CAATGCTGAA
UDP0327,TTGAATCCAA,UDP0327,GTCACGGTGT
UDP0328,CACGGCTAGT,UDP0328,GGTGTACAAG
UDP0329,GAGCTTGCCG,UDP0329,AGGTTGCAGG
UDP0330,AGCTAGCTTC,UDP0330,TAATACGGAG
UDP0331,CAATCCTTGT,UDP0331,CGAAGACGCA
UDP0332,CACCTGTTGC,UDP0332,ATTGACACAT
UDP0333,CGTCACCTTG,UDP0333,CAGCCGATTG
UDP0334,AATGACTGGT,UDP0334,TCTCACGCGT
UDP0335,ATGATTCCGG,UDP0335,CTCTGACGTG
UDP0336,TTAGGCTCAA,UDP0336,TCGAATGGAA
UDP0337,TGTAAGGTGG,UDP0337,AAGGCCTTGG
UDP0338,CAACTGCAAC,UDP0338,TGAACGCAAC
UDP0339,ACATGAGTGA,UDP0339,CCGCTTAGCT
UDP0340,GCAACCAGTC,UDP0340,CACCGAGGAA
UDP0341,GAGCGACGAT,UDP0341,CGTATAATCA
UDP0342,CGAACGCACC,UDP0342,ATGACAGAAC
UDP0343,TCTTACGCCG,UDP0343,ATTCATTGCA
UDP0344,AGCTGATGTC,UDP0344,TCATGTCCTG
UDP0345,CTGAATTAGT,UDP0345,AATTCGATCG
UDP0346,TAAGGAGGAA,UDP0346,TTCCGACATT
UDP0347,AGCTTACACA,UDP0347,TGGCACGACC
UDP0348,AACCAGCCAC,UDP0348,GCCACAGCAC
UDP0349,CTTAAGTCGA,UDP0349,CAGTAGTTGT
UDP0350,GCCTAACGTG,UDP0350,AGCTCTCAAG
UDP0351,ACTTACTTCA,UDP0351,TCTGGAATTA
UDP0352,CGCATTCCGT,UDP0352,ATTAGTGGAG
UDP0353,GATATCACAC,UDP0353,GACTATATGT
UDP0354,AGCGCTGTGT,UDP0354,CGTTCGGAAC
UDP0355,TCACCGCGCT,UDP0355,TCGATACTAG
UDP0356,GATAGCCTTG,UDP0356,TACCACAATG
UDP0357,CCTGGACGCA,UDP0357,TGGTATACCA
UDP0358,TTACGCACCT,UDP0358,GCTCTCGTTG
UDP0359,TCGTTGCTGC,UDP0359,GTCTCGTGAA
UDP0360,CGACAAGGAT,UDP0360,AAGGCCACCT
UDP0361,GTGTACCTTC,UDP0361,CTGTGAGCTA
UDP0362,ACCTGGCCAA,UDP0362,TCACAGATCG
UDP0363,TGTCTGGCCT,UDP0363,AGAAGCCAAT
UDP0364,AGTTAATGCT,UDP0364,ACTGCAGCCG
UDP0365,GGTGAGTAAT,UDP0365,AACATCTAGT
UDP0366,TACTCTGCGC,UDP0366,CCTTACTATG
UDP0367,AGGTATGGCG,UDP0367,GTGGCGAGAC
UDP0368,TCCAGCCTGC,UDP0368,GCCAGATCCA
UDP0369V3,GATGAATTCA,UDP0369V3,TGCTGTGATT
UDP0370V3,ATCCGGCAGC,UDP0370V3,GATCGAATAA
UDP0371V3,ACGAACCATG,UDP0371V3,ACTGAATTAC
UDP0372V3,CAACCAAGTA,UDP0372V3,CCATCCACGC
UDP0373,GTTGCGTTCA,UDP0373,GTTGCAGTTG
UDP0374,CTTCAACCAC,UDP0374,TTATGCGCCT
UDP0375,TCTATTCAGT,UDP0375,TCTCAGTACA
UDP0376,CAAGACGTCC,UDP0376,AGTATACGGA
UDP0377,TGAGTACAAC,UDP0377,ACGCTTGGAC
UDP0378,CCGCGGTTCT,UDP0378,GGAGTAGATT
UDP0379,ATTGATACTG,UDP0379,TACACGCTCC
UDP0380,GGATTATGGA,UDP0380,TCCGATAGAG
UDP0381,TGGTTCTCAT,UDP0381,CTCAAGGCCG
UDP0382,TCAACCACGA,UDP0382,CAAGTTCATA
UDP0383,TATGAACTTG,UDP0383,AATCCTTAGG
UDP0384,AGTGGTTAAG,UDP0384,GGTGGAATAC
 ,,,
